[
  { "slug": "elmont-ny", "name": "Elmont, NY", "county": "Nassau" },
  { "slug": "syosset-ny", "name": "Syosset, NY", "county": "Nassau" },
  { "slug": "freeport-ny", "name": "Freeport, NY", "county": "Nassau" },
  { "slug": "melville-ny", "name": "Melville, NY", "county": "Suffolk" },
  { "slug": "westbury-ny", "name": "Westbury, NY", "county": "Nassau" },
  { "slug": "glen-cove-ny", "name": "Glen Cove, NY", "county": "Nassau" },
  { "slug": "great-neck-ny", "name": "Great Neck, NY", "county": "Nassau" },
  { "slug": "hicksville-ny", "name": "Hicksville, NY", "county": "Nassau" },
  { "slug": "massapequa-ny", "name": "Massapequa, NY", "county": "Nassau" },
  { "slug": "garden-city-ny", "name": "Garden City, NY", "county": "Nassau" },
  { "slug": "old-westbury-ny", "name": "Old Westbury, NY", "county": "Nassau" },
  { "slug": "valley-stream-ny", "name": "Valley Stream, NY", "county": "Nassau" },

  { "slug": "hollis-queens-ny", "name": "Hollis, Queens, NY", "county": "Queens" },
  { "slug": "hempstead-ny-11550", "name": "Hempstead, NY 11550", "county": "Nassau" },
  { "slug": "jamaica-queens-ny", "name": "Jamaica, Queens, NY", "county": "Queens" },
  { "slug": "floral-park-ny-11001", "name": "Floral Park, NY 11001", "county": "Nassau" },
  { "slug": "whitestone-queens-ny", "name": "Whitestone, Queens, NY", "county": "Queens" },
  { "slug": "fresh-meadows-queens-ny", "name": "Fresh Meadows, Queens, NY", "county": "Queens" },
  { "slug": "richmond-hill-queens-ny", "name": "Richmond Hill, Queens, NY", "county": "Queens" },
  { "slug": "oakland-gardens-queens-ny-11364", "name": "Oakland Gardens, Queens, NY 11364", "county": "Queens" }
]
